Timestamp,engagement
2023-02-15 18:22:58,-0.0072137184459442
2023-02-15 18:22:59,0.0171181520515593
2023-02-15 18:23:00,0.0327165259422152
2023-02-15 18:23:01,0.0252906303311466
2023-02-15 18:23:02,0.0346985854662158
2023-02-15 18:23:03,0.0391015401430973
2023-02-15 18:23:04,0.0603089562508342
2023-02-15 18:23:05,0.0490426560226937
2023-02-15 18:23:06,0.064342117830711
2023-02-15 18:23:07,0.0725658657973491
2023-02-15 18:23:08,0.0745431372638282
2023-02-15 18:23:09,0.0690084588027645
2023-02-15 18:23:10,0.0997341684064082
2023-02-15 18:23:11,0.1051342227519914
2023-02-15 18:23:12,0.1146976744897637
2023-02-15 18:23:13,0.1094499313925036
2023-02-15 18:23:14,0.1203402503257137
2023-02-15 18:23:15,0.1236044238231372
2023-02-15 18:23:16,0.1398569534383993
2023-02-15 18:23:17,0.1393425178386727
2023-02-15 18:23:18,0.1453932048965119
2023-02-15 18:23:19,0.1620237479406445
2023-02-15 18:23:20,0.1647938066946324
2023-02-15 18:23:21,0.1729222492729267
2023-02-15 18:23:22,0.1609500180818309
2023-02-15 18:23:23,0.1897620869854091
2023-02-15 18:23:24,0.2001588697649614
2023-02-15 18:23:25,0.1970254078737953
2023-02-15 18:23:26,0.2174273414652069
2023-02-15 18:23:27,0.2273050397495543
2023-02-15 18:23:28,0.2146364408747912
2023-02-15 18:23:29,0.242169634481727
2023-02-15 18:23:30,0.230153808767251
2023-02-15 18:23:31,0.2316376014088952
2023-02-15 18:23:32,0.248754569289772
2023-02-15 18:23:33,0.2521443165226267
2023-02-15 18:23:34,0.2533369018575628
2023-02-15 18:23:35,0.2567009039734282
2023-02-15 18:23:36,0.257387412489743
2023-02-15 18:23:37,0.2805226843874457
2023-02-15 18:23:38,0.2785784116142753
2023-02-15 18:23:39,0.2749229584440846
2023-02-15 18:23:40,0.3070381670446837
2023-02-15 18:23:41,0.2982302205067516
2023-02-15 18:23:42,0.3031441365234463
2023-02-15 18:23:43,0.3033435769588484
2023-02-15 18:23:44,0.3172778403807377
2023-02-15 18:23:45,0.3192272531780504
2023-02-15 18:23:46,0.3249600102589303
2023-02-15 18:23:47,0.3331372347290767
2023-02-15 18:23:48,0.3511175684438855
2023-02-15 18:23:49,0.3463284923113272
2023-02-15 18:23:50,0.355498088536846
2023-02-15 18:23:51,0.3400236504567567
2023-02-15 18:23:52,0.3714656968600232
2023-02-15 18:23:53,0.3697055766655621
2023-02-15 18:23:54,0.3813875248737248
2023-02-15 18:23:55,0.3831809908183957
2023-02-15 18:23:56,0.3874477750054659
2023-02-15 18:23:57,0.374836348179581
2023-02-15 18:23:58,0.3914677512566717
2023-02-15 18:23:59,0.4002161324893978
2023-02-15 18:24:00,0.3984746318285161
2023-02-15 18:24:01,0.3949624159571635
2023-02-15 18:24:02,0.4186164457811884
2023-02-15 18:24:03,0.4063773650123959
2023-02-15 18:24:04,0.4159329343197349
2023-02-15 18:24:05,0.4282257831614336
2023-02-15 18:24:06,0.4266725811246254
2023-02-15 18:24:07,0.4075227495181759
2023-02-15 18:24:08,0.4413872945526994
2023-02-15 18:24:09,0.428522836527577
2023-02-15 18:24:10,0.4387860507085734
2023-02-15 18:24:11,0.4418577256045787
2023-02-15 18:24:12,0.4645927102665254
2023-02-15 18:24:13,0.4552612082272425
2023-02-15 18:24:14,0.4376963604054548
2023-02-15 18:24:15,0.4558478992947851
2023-02-15 18:24:16,0.4585931887251302
2023-02-15 18:24:17,0.4721125069644066
2023-02-15 18:24:18,0.4659911183681178
2023-02-15 18:24:19,0.471173221864169
2023-02-15 18:24:20,0.4694928500828477
2023-02-15 18:24:21,0.4818948816384589
2023-02-15 18:24:22,0.4802834235047746
2023-02-15 18:24:23,0.4740100839694793
2023-02-15 18:24:24,0.4676942282029641
2023-02-15 18:24:25,0.4801715660909433
2023-02-15 18:24:26,0.4856767861965646
2023-02-15 18:24:27,0.4968113598517115
2023-02-15 18:24:28,0.499777639162384
2023-02-15 18:24:29,0.4840520098794184
2023-02-15 18:24:30,0.4907462208599467
2023-02-15 18:24:31,0.4940360601695709
2023-02-15 18:24:32,0.4895083923167549
2023-02-15 18:24:33,0.4973094753022098
2023-02-15 18:24:34,0.5027450466640028
2023-02-15 18:24:35,0.4892408929023965
2023-02-15 18:24:36,0.5034395244150435
2023-02-15 18:24:37,0.4998605051563285
2023-02-15 18:24:38,0.476949032325162
2023-02-15 18:24:39,0.5045935033673756
2023-02-15 18:24:40,0.4941863223429425
2023-02-15 18:24:41,0.5052359244419901
2023-02-15 18:24:42,0.5017082171560341
2023-02-15 18:24:43,0.5076081931095009
2023-02-15 18:24:44,0.5073311257995297
2023-02-15 18:24:45,0.4981950970342018
2023-02-15 18:24:46,0.4687398352796941
2023-02-15 18:24:47,0.4804573636310379
2023-02-15 18:24:48,0.4987450311588892
2023-02-15 18:24:49,0.5102462575502292
2023-02-15 18:24:50,0.5083311149347993
2023-02-15 18:24:51,0.5002518549648215
2023-02-15 18:24:52,0.5035113055234449
2023-02-15 18:24:53,0.5215988344284479
2023-02-15 18:24:54,0.5124761589204049
2023-02-15 18:24:55,0.4876144748554667
2023-02-15 18:24:56,0.4927594252632764
2023-02-15 18:24:57,0.4921107017453158
2023-02-15 18:24:58,0.4872236072971085
2023-02-15 18:24:59,0.4792789964691996
2023-02-15 18:25:00,0.4781650146668544
2023-02-15 18:25:01,0.4830862227709865
2023-02-15 18:25:02,0.4865669492077848
2023-02-15 18:25:03,0.4885842594097126
2023-02-15 18:25:04,0.4657299612667442
2023-02-15 18:25:05,0.4684332422961639
2023-02-15 18:25:06,0.4664896359582718
2023-02-15 18:25:07,0.4740955766891332
2023-02-15 18:25:08,0.4599908838243293
2023-02-15 18:25:09,0.470132453994582
2023-02-15 18:25:10,0.4506918979766965
2023-02-15 18:25:11,0.4649574095660789
2023-02-15 18:25:12,0.4396374499426566
2023-02-15 18:25:13,0.4685491589202341
2023-02-15 18:25:14,0.4295162928549543
2023-02-15 18:25:15,0.4477314911719369
2023-02-15 18:25:16,0.4463350812408752
2023-02-15 18:25:17,0.4520629396904139
2023-02-15 18:25:18,0.4368812437678099
2023-02-15 18:25:19,0.4333047248647045
2023-02-15 18:25:20,0.4114820397453452
2023-02-15 18:25:21,0.4083617629476734
2023-02-15 18:25:22,0.4172274574127615
2023-02-15 18:25:23,0.4085762798023962
2023-02-15 18:25:24,0.4075416830193921
2023-02-15 18:25:25,0.4005340225914694
2023-02-15 18:25:26,0.4099287737086675
2023-02-15 18:25:27,0.3910290413822298
2023-02-15 18:25:28,0.3722359512932591
2023-02-15 18:25:29,0.3913856926422307
2023-02-15 18:25:30,0.3976096440829452
2023-02-15 18:25:31,0.3773459255775196
2023-02-15 18:25:32,0.3925120548489538
2023-02-15 18:25:33,0.3862967586309951
2023-02-15 18:25:34,0.3660242387757553
2023-02-15 18:25:35,0.3733002241955861
2023-02-15 18:25:36,0.349967656167656
2023-02-15 18:25:37,0.3417256185350131
2023-02-15 18:25:38,0.3471385481140502
2023-02-15 18:25:39,0.3373463786791782
2023-02-15 18:25:40,0.3268567480349741
2023-02-15 18:25:41,0.3379278860776683
2023-02-15 18:25:42,0.3153381477194134
2023-02-15 18:25:43,0.3277250077453479
2023-02-15 18:25:44,0.3036524504834181
2023-02-15 18:25:45,0.2957582637492089
2023-02-15 18:25:46,0.3003047225318961
2023-02-15 18:25:47,0.2925552532786967
2023-02-15 18:25:48,0.2971222480982358
2023-02-15 18:25:49,0.2801003174213162
2023-02-15 18:25:50,0.2698814105071464
2023-02-15 18:25:51,0.275075758378388
2023-02-15 18:25:52,0.2559705050383706
2023-02-15 18:25:53,0.270935022383421
2023-02-15 18:25:54,0.2462690842055211
2023-02-15 18:25:55,0.2301816440207163
2023-02-15 18:25:56,0.234913941642439
2023-02-15 18:25:57,0.2102289179648657
2023-02-15 18:25:58,0.2147097184654764
2023-02-15 18:25:59,0.2158680652656216
2023-02-15 18:26:00,0.216314377367307
2023-02-15 18:26:01,0.2015554083977363
2023-02-15 18:26:02,0.1955911298331355
2023-02-15 18:26:03,0.2103305874760202
2023-02-15 18:26:04,0.1792514951888543
2023-02-15 18:26:05,0.1878209250226087
2023-02-15 18:26:06,0.1810343378020838
2023-02-15 18:26:07,0.1593621567059299
2023-02-15 18:26:08,0.1347508290353802
2023-02-15 18:26:09,0.1538762422259158
2023-02-15 18:26:10,0.129938385299019
2023-02-15 18:26:11,0.135057143133685
2023-02-15 18:26:12,0.1151584753853034
2023-02-15 18:26:13,0.1183101915057993
2023-02-15 18:26:14,0.1096491748392836
2023-02-15 18:26:15,0.0883026094264866
2023-02-15 18:26:16,0.0892536953232333
2023-02-15 18:26:17,0.0945711997320766
2023-02-15 18:26:18,0.0741957540729997
2023-02-15 18:26:19,0.0912271511695197
2023-02-15 18:26:20,0.0596188352169032
2023-02-15 18:26:21,0.0571580597294756
2023-02-15 18:26:22,0.0473022162042929
2023-02-15 18:26:23,0.0340095157618932
2023-02-15 18:26:24,0.0514800679784381
2023-02-15 18:26:25,0.023485994080392
2023-02-15 18:26:26,0.027148803782344
2023-02-15 18:26:27,0.0091516814155881
2023-02-15 18:26:28,0.01244428340017
2023-02-15 18:26:29,-0.0117601164008285
2023-02-15 18:26:30,0.0059903231532275
2023-02-15 18:26:31,-0.0228960521051297
2023-02-15 18:26:32,-0.0277804762217403
2023-02-15 18:26:33,-0.0343294949450678
2023-02-15 18:26:34,-0.0403477060925007
2023-02-15 18:26:35,-0.0367818487340304
2023-02-15 18:26:36,-0.0504274357726186
2023-02-15 18:26:37,-0.0594475531072924
2023-02-15 18:26:38,-0.0627427293284281
2023-02-15 18:26:39,-0.0812978049260155
2023-02-15 18:26:40,-0.0664946484136447
2023-02-15 18:26:41,-0.0937409542918769
2023-02-15 18:26:42,-0.119916837865347
2023-02-15 18:26:43,-0.1130939051360928
2023-02-15 18:26:44,-0.0981060096688644
2023-02-15 18:26:45,-0.1215860315617336
2023-02-15 18:26:46,-0.1286028548297194
2023-02-15 18:26:47,-0.1480040602630396
2023-02-15 18:26:48,-0.1427836662432389
2023-02-15 18:26:49,-0.1456566733227088
2023-02-15 18:26:50,-0.169471807455404
2023-02-15 18:26:51,-0.1734331302513803
2023-02-15 18:26:52,-0.1680980512700672
2023-02-15 18:26:53,-0.1858487162825929
2023-02-15 18:26:54,-0.1813238958001498
2023-02-15 18:26:55,-0.2071681849551921
2023-02-15 18:26:56,-0.1981525936465493
2023-02-15 18:26:57,-0.2127978332169262
2023-02-15 18:26:58,-0.2068576101096078
2023-02-15 18:26:59,-0.2172870079419162
2023-02-15 18:27:00,-0.2174186936141325
2023-02-15 18:27:01,-0.216279164203433
2023-02-15 18:27:02,-0.2376322341760364
2023-02-15 18:27:03,-0.2413978250816079
2023-02-15 18:27:04,-0.2619814721614596
2023-02-15 18:27:05,-0.2452445225632524
2023-02-15 18:27:06,-0.26358609237539
2023-02-15 18:27:07,-0.271221695712308
2023-02-15 18:27:08,-0.275763137498856
2023-02-15 18:27:09,-0.2783318313397053
2023-02-15 18:27:10,-0.2816209789531096
2023-02-15 18:27:11,-0.2837058468981022
2023-02-15 18:27:12,-0.2805097970781013
2023-02-15 18:27:13,-0.2943235647672079
2023-02-15 18:27:14,-0.3019940672866826
2023-02-15 18:27:15,-0.3065922670719234
2023-02-15 18:27:16,-0.3204045287535941
2023-02-15 18:27:17,-0.3313238661484116
2023-02-15 18:27:18,-0.3275165009435339
2023-02-15 18:27:19,-0.3384703752800024
2023-02-15 18:27:20,-0.3468323895434255
2023-02-15 18:27:21,-0.3526382146987421
2023-02-15 18:27:22,-0.3618902149954767
2023-02-15 18:27:23,-0.3755035211731953
2023-02-15 18:27:24,-0.370741324370066
2023-02-15 18:27:25,-0.3724841243027825
2023-02-15 18:27:26,-0.3854508465166463
2023-02-15 18:27:27,-0.377800065360832
2023-02-15 18:27:28,-0.3970306522640905
2023-02-15 18:27:29,-0.3969119965035216
2023-02-15 18:27:30,-0.4056506831184938
2023-02-15 18:27:31,-0.3938489204681595
2023-02-15 18:27:32,-0.416668103942626
2023-02-15 18:27:33,-0.3983891580842784
2023-02-15 18:27:34,-0.4121978966226984
2023-02-15 18:27:35,-0.4229386725673663
2023-02-15 18:27:36,-0.4190403845933259
2023-02-15 18:27:37,-0.4230786597311206
2023-02-15 18:27:38,-0.4334297306834064
2023-02-15 18:27:39,-0.423543806803408
2023-02-15 18:27:40,-0.4203021199085727
2023-02-15 18:27:41,-0.4436667671533902
2023-02-15 18:27:42,-0.4262511535773491
2023-02-15 18:27:43,-0.4557051701875795
2023-02-15 18:27:44,-0.4508678835553637
2023-02-15 18:27:45,-0.4457169666299485
2023-02-15 18:27:46,-0.44653564086743
2023-02-15 18:27:47,-0.4507839512688122
2023-02-15 18:27:48,-0.4689659705197353
2023-02-15 18:27:49,-0.4677014926164544
2023-02-15 18:27:50,-0.4786676155107974
2023-02-15 18:27:51,-0.4857429205310289
2023-02-15 18:27:52,-0.4566927259029772
2023-02-15 18:27:53,-0.4706392422511234
2023-02-15 18:27:54,-0.4838754970896168
2023-02-15 18:27:55,-0.4856807051681875
2023-02-15 18:27:56,-0.4661422941148351
2023-02-15 18:27:57,-0.4845987734172606
2023-02-15 18:27:58,-0.4758365314753205
2023-02-15 18:27:59,-0.4895600854242315
2023-02-15 18:28:00,-0.4927804927601306
2023-02-15 18:28:01,-0.4779102975531098
2023-02-15 18:28:02,-0.4924880275571363
2023-02-15 18:28:03,-0.4855039226500056
2023-02-15 18:28:04,-0.5040428213074345
2023-02-15 18:28:05,-0.4959720846687446
2023-02-15 18:28:06,-0.4807723607160631
2023-02-15 18:28:07,-0.4856102702643119
2023-02-15 18:28:08,-0.4961402977749008
2023-02-15 18:28:09,-0.5012787430259286
2023-02-15 18:28:10,-0.4972773334648583
2023-02-15 18:28:11,-0.5042109144066728
2023-02-15 18:28:12,-0.4990084469060836
2023-02-15 18:28:13,-0.5244482084991808
2023-02-15 18:28:14,-0.4961622752952141
2023-02-15 18:28:15,-0.5093680263564476
2023-02-15 18:28:16,-0.4985615382958113
2023-02-15 18:28:17,-0.5096220141245613
2023-02-15 18:28:18,-0.4862652014834052
2023-02-15 18:28:19,-0.500458874349081
2023-02-15 18:28:20,-0.48299697939984
2023-02-15 18:28:21,-0.501921885071901
2023-02-15 18:28:22,-0.5164488793880718
2023-02-15 18:28:23,-0.4816144739679712
2023-02-15 18:28:24,-0.4981799414972331
2023-02-15 18:28:25,-0.4852156907191227
2023-02-15 18:28:26,-0.4940751773647859
2023-02-15 18:28:27,-0.5019009294425147
2023-02-15 18:28:28,-0.4958785909271294
2023-02-15 18:28:29,-0.4846029213207529
2023-02-15 18:28:30,-0.5026251736379578
2023-02-15 18:28:31,-0.4707402814781862
2023-02-15 18:28:32,-0.4984433305183561
2023-02-15 18:28:33,-0.5056147098226714
2023-02-15 18:28:34,-0.4978371395498768
2023-02-15 18:28:35,-0.4843531990692305
2023-02-15 18:28:36,-0.4817854747827236
2023-02-15 18:28:37,-0.4695188509716039
2023-02-15 18:28:38,-0.4643178073219047
2023-02-15 18:28:39,-0.4714250964567975
2023-02-15 18:28:40,-0.4797628895606061
2023-02-15 18:28:41,-0.4704358790631326
2023-02-15 18:28:42,-0.4721256951107246
2023-02-15 18:28:43,-0.451770656146775
2023-02-15 18:28:44,-0.4540984216068505
2023-02-15 18:28:45,-0.4495566971467536
2023-02-15 18:28:46,-0.4362182286040336
2023-02-15 18:28:47,-0.4384113135745579
2023-02-15 18:28:48,-0.4359560113508047
2023-02-15 18:28:49,-0.4311094529953967
2023-02-15 18:28:50,-0.4343864875562664
2023-02-15 18:28:51,-0.4337902722864054
2023-02-15 18:28:52,-0.4197845902926594
2023-02-15 18:28:53,-0.4005041784241676
2023-02-15 18:28:54,-0.4039946890552363
2023-02-15 18:28:55,-0.4199911529150067
2023-02-15 18:28:56,-0.3902509234090554
2023-02-15 18:28:57,-0.3935945102865099
2023-02-15 18:28:58,-0.3964809645799507
2023-02-15 18:28:59,-0.3825316652611372
2023-02-15 18:29:00,-0.3905071165516867
2023-02-15 18:29:01,-0.3847354163828308
2023-02-15 18:29:02,-0.3812492702606532
2023-02-15 18:29:03,-0.3668665183392949
2023-02-15 18:29:04,-0.3582450157942766
2023-02-15 18:29:05,-0.3680073575317709
2023-02-15 18:29:06,-0.356634118223654
2023-02-15 18:29:07,-0.357864582230315
2023-02-15 18:29:08,-0.3551004252562773
2023-02-15 18:29:09,-0.3358749161001134
2023-02-15 18:29:10,-0.3347287984401711
2023-02-15 18:29:11,-0.352850697172648
2023-02-15 18:29:12,-0.3261806454208181
2023-02-15 18:29:13,-0.3157520722109108
2023-02-15 18:29:14,-0.3167964023419828
2023-02-15 18:29:15,-0.3095049797570141
2023-02-15 18:29:16,-0.2994275009232593
2023-02-15 18:29:17,-0.2943491094397197
2023-02-15 18:29:18,-0.2870601634918472
2023-02-15 18:29:19,-0.2827191946988246
2023-02-15 18:29:20,-0.2963234912095412
2023-02-15 18:29:21,-0.2752161459770845
2023-02-15 18:29:22,-0.2559321300089402
2023-02-15 18:29:23,-0.2796664810381199
2023-02-15 18:29:24,-0.2462810842810832
2023-02-15 18:29:25,-0.2597974784308126
2023-02-15 18:29:26,-0.2624357804334046
2023-02-15 18:29:27,-0.2400227106132275
2023-02-15 18:29:28,-0.22418391237465
2023-02-15 18:29:29,-0.2373047367720658
2023-02-15 18:29:30,-0.2212930260020168
2023-02-15 18:29:31,-0.2091542578887706
2023-02-15 18:29:32,-0.1986458961588351
2023-02-15 18:29:33,-0.1961424697243033
2023-02-15 18:29:34,-0.1971415146199007
2023-02-15 18:29:35,-0.1841508398575683
2023-02-15 18:29:36,-0.1698393220749131
2023-02-15 18:29:37,-0.1529717433838907
2023-02-15 18:29:38,-0.1625087631189808
2023-02-15 18:29:39,-0.1617570465272773
2023-02-15 18:29:40,-0.1522794898687168
2023-02-15 18:29:41,-0.1363608270466949
2023-02-15 18:29:42,-0.1418993566687822
2023-02-15 18:29:43,-0.1200974006241646
2023-02-15 18:29:44,-0.1092121736378652
2023-02-15 18:29:45,-0.1049253221879837
2023-02-15 18:29:46,-0.1017567797515133
2023-02-15 18:29:47,-0.0712035370371255
2023-02-15 18:29:48,-0.093760883364187
2023-02-15 18:29:49,-0.0799429575116742
2023-02-15 18:29:50,-0.067216061333902
2023-02-15 18:29:51,-0.0711781905050038
2023-02-15 18:29:52,-0.0518393749960809
2023-02-15 18:29:53,-0.0524081221516965
2023-02-15 18:29:54,-0.0468872144088696
2023-02-15 18:29:55,-0.0359832873771916
2023-02-15 18:29:56,-0.0119859983586595
2023-02-15 18:29:57,-0.0289816840519512
2023-02-15 18:29:58,-0.0077688745003893
2023-02-15 18:29:59,0.0039077497668353
2023-02-15 18:30:00,0.0069780884139462
2023-02-15 18:30:01,-0.0030191632255882
2023-02-15 18:30:02,0.0136662855886626
2023-02-15 18:30:03,0.0031493460150496
2023-02-15 18:30:04,0.0401111562736998
2023-02-15 18:30:05,0.0468789080996131
2023-02-15 18:30:06,0.0436023503038289
2023-02-15 18:30:07,0.0485572558749411
2023-02-15 18:30:08,0.0486916966287504
2023-02-15 18:30:09,0.0675192940189292
2023-02-15 18:30:10,0.0854877338610397
2023-02-15 18:30:11,0.087379584194448
2023-02-15 18:30:12,0.0781315133175568
2023-02-15 18:30:13,0.0883753918529215
2023-02-15 18:30:14,0.0949044506215256
2023-02-15 18:30:15,0.11215180387164
2023-02-15 18:30:16,0.1008469310479682
2023-02-15 18:30:17,0.1184132113324795
2023-02-15 18:30:18,0.1405714400831976
2023-02-15 18:30:19,0.1392397982049722
2023-02-15 18:30:20,0.1422335525483599
2023-02-15 18:30:21,0.1611431902720659
2023-02-15 18:30:22,0.1630154099468672
2023-02-15 18:30:23,0.1584387855368935
2023-02-15 18:30:24,0.1721758262835086
2023-02-15 18:30:25,0.1775456762072851
2023-02-15 18:30:26,0.2022476397035392
2023-02-15 18:30:27,0.1841320190728571
2023-02-15 18:30:28,0.196074283069298
2023-02-15 18:30:29,0.2032613160163157
2023-02-15 18:30:30,0.2152465913463412
2023-02-15 18:30:31,0.2266970403461443
2023-02-15 18:30:32,0.2308490020868632
2023-02-15 18:30:33,0.2435357105437019
2023-02-15 18:30:34,0.2439122595580435
2023-02-15 18:30:35,0.2605250339600415
2023-02-15 18:30:36,0.2545100432499472
2023-02-15 18:30:37,0.2466898891046901
2023-02-15 18:30:38,0.2628185933617639
2023-02-15 18:30:39,0.2678645088374483
2023-02-15 18:30:40,0.2874368250753232
2023-02-15 18:30:41,0.2846204057673994
2023-02-15 18:30:42,0.2897304223970375
2023-02-15 18:30:43,0.3057883223958849
2023-02-15 18:30:44,0.2949320602560922
2023-02-15 18:30:45,0.3022456828088947
2023-02-15 18:30:46,0.3057201114196526
2023-02-15 18:30:47,0.3221840665197109
2023-02-15 18:30:48,0.3181052168397599
2023-02-15 18:30:49,0.3244100033704135
2023-02-15 18:30:50,0.3250800032714703
2023-02-15 18:30:51,0.3393924188078285
2023-02-15 18:30:52,0.3605005642920676
2023-02-15 18:30:53,0.3560832715015261
2023-02-15 18:30:54,0.365796790542129
2023-02-15 18:30:55,0.3602848778692637
2023-02-15 18:30:56,0.3710481560689936
2023-02-15 18:30:57,0.3801501292628055
2023-02-15 18:30:58,0.3743255236326186
2023-02-15 18:30:59,0.382764790254373
2023-02-15 18:31:00,0.3795891763498586
2023-02-15 18:31:01,0.4001742516408491
2023-02-15 18:31:02,0.3964824712738454
2023-02-15 18:31:03,0.40751213698658
2023-02-15 18:31:04,0.4096489039945519
2023-02-15 18:31:05,0.4153874770692234
2023-02-15 18:31:06,0.4184770746651139
2023-02-15 18:31:07,0.4353642576341397
2023-02-15 18:31:08,0.4138611683455828
2023-02-15 18:31:09,0.4304500666294059
2023-02-15 18:31:10,0.446782627479474
2023-02-15 18:31:11,0.4218402988295392
2023-02-15 18:31:12,0.4275478097786448
2023-02-15 18:31:13,0.4487266798311655
2023-02-15 18:31:14,0.448872747274151
2023-02-15 18:31:15,0.450718976802843
2023-02-15 18:31:16,0.4448101455732851
2023-02-15 18:31:17,0.4772328907875994
2023-02-15 18:31:18,0.457836041305055
2023-02-15 18:31:19,0.4537590414052553
2023-02-15 18:31:20,0.4606653884807974
2023-02-15 18:31:21,0.4728688124890316
2023-02-15 18:31:22,0.4637520844374566
2023-02-15 18:31:23,0.476576906680411
2023-02-15 18:31:24,0.4713463828095147
2023-02-15 18:31:25,0.4672706777461963
2023-02-15 18:31:26,0.4715004885783828
2023-02-15 18:31:27,0.4792754729868322
2023-02-15 18:31:28,0.4904591934534095
2023-02-15 18:31:29,0.4749805479374712
2023-02-15 18:31:30,0.4677054025094658
2023-02-15 18:31:31,0.4800940333315269
2023-02-15 18:31:32,0.4720185791504716
2023-02-15 18:31:33,0.4886747387699333
2023-02-15 18:31:34,0.4869940874288074
2023-02-15 18:31:35,0.4928435206834869
2023-02-15 18:31:36,0.4987381636204888
2023-02-15 18:31:37,0.49114134476244
2023-02-15 18:31:38,0.4952217020915624
2023-02-15 18:31:39,0.5077711015294255
2023-02-15 18:31:40,0.4915723033798194
2023-02-15 18:31:41,0.4946245402137351
2023-02-15 18:31:42,0.4968025900693714
2023-02-15 18:31:43,0.5023652587943002
2023-02-15 18:31:44,0.5102902361502147
2023-02-15 18:31:45,0.5108732178365591
2023-02-15 18:31:46,0.5178741373886393
2023-02-15 18:31:47,0.5044819767253309
2023-02-15 18:31:48,0.505176760332817
2023-02-15 18:31:49,0.5062771059326345
2023-02-15 18:31:50,0.5083748415697872
2023-02-15 18:31:51,0.505494053511316
2023-02-15 18:31:52,0.4996581349207339
2023-02-15 18:31:53,0.489685666740793
2023-02-15 18:31:54,0.482545006927599
2023-02-15 18:31:55,0.4852233126058735
2023-02-15 18:31:56,0.4885068895327716
2023-02-15 18:31:57,0.4999253430200047
2023-02-15 18:31:58,0.487808868040525
2023-02-15 18:31:59,0.5022816927671053
2023-02-15 18:32:00,0.4858595178251723
2023-02-15 18:32:01,0.4923515759801861
2023-02-15 18:32:02,0.488186244058164
2023-02-15 18:32:03,0.4759502636625795
2023-02-15 18:32:04,0.4791164436408799
2023-02-15 18:32:05,0.4920230494199002
2023-02-15 18:32:06,0.4669527895055011
2023-02-15 18:32:07,0.4759712848925904
2023-02-15 18:32:08,0.4875824185895113
2023-02-15 18:32:09,0.4754659327984954
2023-02-15 18:32:10,0.4586477723937963
2023-02-15 18:32:11,0.4631003854550234
2023-02-15 18:32:12,0.4572966240255141
2023-02-15 18:32:13,0.4528437872106169
2023-02-15 18:32:14,0.4618516172369462
2023-02-15 18:32:15,0.4408146871787072
2023-02-15 18:32:16,0.4568416779826416
2023-02-15 18:32:17,0.4470723133505078
2023-02-15 18:32:18,0.4513169035478299
2023-02-15 18:32:19,0.4338669864958518
2023-02-15 18:32:20,0.4395376966264047
2023-02-15 18:32:21,0.453568695390692
2023-02-15 18:32:22,0.428443429098078
2023-02-15 18:32:23,0.430584082423287
2023-02-15 18:32:24,0.4350414848888624
2023-02-15 18:32:25,0.4239487991160666
2023-02-15 18:32:26,0.4037937269375125
2023-02-15 18:32:27,0.4093398566908715
2023-02-15 18:32:28,0.4032407040671884
2023-02-15 18:32:29,0.3926683822257974
2023-02-15 18:32:30,0.4128418256063225
2023-02-15 18:32:31,0.4035357052586774
2023-02-15 18:32:32,0.3870088810815117
2023-02-15 18:32:33,0.3894767953864016
2023-02-15 18:32:34,0.3834486240538249
2023-02-15 18:32:35,0.3577383989610121
2023-02-15 18:32:36,0.3721598082802754
2023-02-15 18:32:37,0.3712818346725732
2023-02-15 18:32:38,0.3522396298816647
2023-02-15 18:32:39,0.3586653656711605
2023-02-15 18:32:40,0.3416858506860554
2023-02-15 18:32:41,0.3229041880200375
2023-02-15 18:32:42,0.3174154135061102
2023-02-15 18:32:43,0.3355587936674794
2023-02-15 18:32:44,0.323728026199135
2023-02-15 18:32:45,0.316221073174863
2023-02-15 18:32:46,0.3013580270562439
2023-02-15 18:32:47,0.3004098003307327
2023-02-15 18:32:48,0.3034457004943797
2023-02-15 18:32:49,0.2942594827606067
2023-02-15 18:32:50,0.282108285987723
2023-02-15 18:32:51,0.2894863978357357
2023-02-15 18:32:52,0.2710800606725346
2023-02-15 18:32:53,0.2694895140676916
2023-02-15 18:32:54,0.265945693326462
2023-02-15 18:32:55,0.2666909439410429
2023-02-15 18:32:56,0.2614916609449199
2023-02-15 18:32:57,0.2542590212365297
2023-02-15 18:32:58,0.2519023363514033
2023-02-15 18:32:59,0.2320244260687935
2023-02-15 18:33:00,0.2200966362653607
2023-02-15 18:33:01,0.2046390385926102
2023-02-15 18:33:02,0.2109073409896299
2023-02-15 18:33:03,0.2065736700152673
2023-02-15 18:33:04,0.1958546687251378
2023-02-15 18:33:05,0.1976492807311415
2023-02-15 18:33:06,0.1830071118596471
2023-02-15 18:33:07,0.1704214041116117
2023-02-15 18:33:08,0.177707206337662
2023-02-15 18:33:09,0.163591012292741
2023-02-15 18:33:10,0.1583618775135886
2023-02-15 18:33:11,0.1431637568079536
2023-02-15 18:33:12,0.137929814896179
2023-02-15 18:33:13,0.134717759045829
2023-02-15 18:33:14,0.1321649906544965
2023-02-15 18:33:15,0.1219188442324831
2023-02-15 18:33:16,0.1166597298438003
2023-02-15 18:33:17,0.1092866487181418
2023-02-15 18:33:18,0.105259649137001
2023-02-15 18:33:19,0.1049309534960314
2023-02-15 18:33:20,0.0617179912479813
2023-02-15 18:33:21,0.0800395366651463
2023-02-15 18:33:22,0.0803672956235464
2023-02-15 18:33:23,0.0596446314768334
2023-02-15 18:33:24,0.0534405928649116
2023-02-15 18:33:25,0.0554581621688874
2023-02-15 18:33:26,0.0365919778142786
2023-02-15 18:33:27,0.027415330616278
2023-02-15 18:33:28,0.0231868185194287
2023-02-15 18:33:29,0.0305583665003392
2023-02-15 18:33:30,-0.000207921673066
2023-02-15 18:33:31,-0.0084119009100245
2023-02-15 18:33:32,-0.0081476243046178
2023-02-15 18:33:33,-0.0245999864527389
2023-02-15 18:33:34,-0.0119564681245725
2023-02-15 18:33:35,-0.0250550365119578
2023-02-15 18:33:36,-0.0442444538184227
2023-02-15 18:33:37,-0.0464909814940999
2023-02-15 18:33:38,-0.0618780941576874
2023-02-15 18:33:39,-0.0583928785093163
2023-02-15 18:33:40,-0.0668186636698622
2023-02-15 18:33:41,-0.0632479341135222
2023-02-15 18:33:42,-0.069054893373397
2023-02-15 18:33:43,-0.0775986285851201
2023-02-15 18:33:44,-0.0950053479134339
2023-02-15 18:33:45,-0.0844689402408259
2023-02-15 18:33:46,-0.094211374896975
2023-02-15 18:33:47,-0.1116920545920186
2023-02-15 18:33:48,-0.1293156399021291
2023-02-15 18:33:49,-0.1244002641250168
2023-02-15 18:33:50,-0.1406545733511053
2023-02-15 18:33:51,-0.1372315203812537
2023-02-15 18:33:52,-0.1456348700086367
2023-02-15 18:33:53,-0.138441972763499
2023-02-15 18:33:54,-0.1730222177591557
2023-02-15 18:33:55,-0.1934312931207137
2023-02-15 18:33:56,-0.1742135164297291
2023-02-15 18:33:57,-0.1923987717622167
2023-02-15 18:33:58,-0.1914926679728491
2023-02-15 18:33:59,-0.1881322192624668
2023-02-15 18:34:00,-0.2188341605443436
2023-02-15 18:34:01,-0.2262414248179207
2023-02-15 18:34:02,-0.218672765173145
2023-02-15 18:34:03,-0.2294406673177701
2023-02-15 18:34:04,-0.2372142184380711
2023-02-15 18:34:05,-0.2423808288394217
2023-02-15 18:34:06,-0.2382371298012616
2023-02-15 18:34:07,-0.2419917551912813
2023-02-15 18:34:08,-0.2561308763845719
2023-02-15 18:34:09,-0.2689398283773891
2023-02-15 18:34:10,-0.2687832841656003
2023-02-15 18:34:11,-0.2783122022133011
2023-02-15 18:34:12,-0.2901635927247203
2023-02-15 18:34:13,-0.2937634775492652
2023-02-15 18:34:14,-0.280339929240577
2023-02-15 18:34:15,-0.2978500668741818
2023-02-15 18:34:16,-0.3111937640397695
2023-02-15 18:34:17,-0.3239539095925029
2023-02-15 18:34:18,-0.3141461608043675
2023-02-15 18:34:19,-0.3251250363337184
2023-02-15 18:34:20,-0.344589960947973
2023-02-15 18:34:21,-0.3285506353498392
2023-02-15 18:34:22,-0.3305647615781326
2023-02-15 18:34:23,-0.3540792814997109
2023-02-15 18:34:24,-0.3532848955055825
2023-02-15 18:34:25,-0.3448547688477882
2023-02-15 18:34:26,-0.3674069631641963
2023-02-15 18:34:27,-0.3671574783433463
2023-02-15 18:34:28,-0.3771031092442026
2023-02-15 18:34:29,-0.3799199901917821
2023-02-15 18:34:30,-0.3866773792399284
2023-02-15 18:34:31,-0.3987749102844872
2023-02-15 18:34:32,-0.3981718556749657
2023-02-15 18:34:33,-0.3958339721126113
2023-02-15 18:34:34,-0.4007323688101857
2023-02-15 18:34:35,-0.4085694133695451
2023-02-15 18:34:36,-0.4188007926498436
2023-02-15 18:34:37,-0.4268939783143982
2023-02-15 18:34:38,-0.428465861740336
2023-02-15 18:34:39,-0.4234986841268189
2023-02-15 18:34:40,-0.4387332935566584
2023-02-15 18:34:41,-0.4359593957885856
2023-02-15 18:34:42,-0.4313072206319022
2023-02-15 18:34:43,-0.4298532477748131
2023-02-15 18:34:44,-0.451675375256497
2023-02-15 18:34:45,-0.4541828349436684
2023-02-15 18:34:46,-0.4409668592200947
2023-02-15 18:34:47,-0.4632389135954683
2023-02-15 18:34:48,-0.4454625868296208
2023-02-15 18:34:49,-0.4579201469492632
2023-02-15 18:34:50,-0.4522341705459276
2023-02-15 18:34:51,-0.4673970838723533
2023-02-15 18:34:52,-0.4710642468310944
2023-02-15 18:34:53,-0.4602882804548215
2023-02-15 18:34:54,-0.4807536574234483
2023-02-15 18:34:55,-0.4729838875404841
2023-02-15 18:34:56,-0.4658509381689067
2023-02-15 18:34:57,-0.4653861160014019
2023-02-15 18:34:58,-0.4789135252693237
2023-02-15 18:34:59,-0.477228284640566
2023-02-15 18:35:00,-0.4902015541123635
2023-02-15 18:35:01,-0.4792275273796753
2023-02-15 18:35:02,-0.4801464208092947
2023-02-15 18:35:03,-0.4862449714964902
2023-02-15 18:35:04,-0.4817893339148857
2023-02-15 18:35:05,-0.4961025261409877
2023-02-15 18:35:06,-0.496445117741298
2023-02-15 18:35:07,-0.4881343054650805
2023-02-15 18:35:08,-0.4895515353290618
2023-02-15 18:35:09,-0.4824421604194869
2023-02-15 18:35:10,-0.4998111731736366
2023-02-15 18:35:11,-0.5110271598075071
2023-02-15 18:35:12,-0.5092852500051687
2023-02-15 18:35:13,-0.5134320142240407
2023-02-15 18:35:14,-0.4890593980343096
2023-02-15 18:35:15,-0.4896785239984269
2023-02-15 18:35:16,-0.5039552817645947
2023-02-15 18:35:17,-0.4928208092656895
2023-02-15 18:35:18,-0.5073742890509076
2023-02-15 18:35:19,-0.5100010433545598
2023-02-15 18:35:20,-0.5060940799835142
2023-02-15 18:35:21,-0.5020479906480735
2023-02-15 18:35:22,-0.494612143967732
2023-02-15 18:35:23,-0.5063522292064367
2023-02-15 18:35:24,-0.491811243411249
2023-02-15 18:35:25,-0.50282655451906
2023-02-15 18:35:26,-0.4850339067802424
2023-02-15 18:35:27,-0.4820653552891292
2023-02-15 18:35:28,-0.4920827435094353
2023-02-15 18:35:29,-0.5087919730668952
2023-02-15 18:35:30,-0.4941566310720501
2023-02-15 18:35:31,-0.4936682755486926
2023-02-15 18:35:32,-0.491330748903228
2023-02-15 18:35:33,-0.4922170153424029
2023-02-15 18:35:34,-0.4711221710352757
2023-02-15 18:35:35,-0.4998559950911047
2023-02-15 18:35:36,-0.4833971905722274
2023-02-15 18:35:37,-0.4740057603729876
2023-02-15 18:35:38,-0.479196161291694
2023-02-15 18:35:39,-0.4644029517855262
2023-02-15 18:35:40,-0.4664646962021742
2023-02-15 18:35:41,-0.4550607664513476
2023-02-15 18:35:42,-0.4718532488601932
2023-02-15 18:35:43,-0.4676224338946565
2023-02-15 18:35:44,-0.4714507933627808
2023-02-15 18:35:45,-0.4532276286697947
2023-02-15 18:35:46,-0.4637905055740601
2023-02-15 18:35:47,-0.4534635108901339
2023-02-15 18:35:48,-0.4538377353562545
2023-02-15 18:35:49,-0.4441271753033279
2023-02-15 18:35:50,-0.4380721441692313
2023-02-15 18:35:51,-0.4381109149006772
2023-02-15 18:35:52,-0.4300941749159534
2023-02-15 18:35:53,-0.4417171263334891
2023-02-15 18:35:54,-0.4305952477215016
2023-02-15 18:35:55,-0.4179150637392489
2023-02-15 18:35:56,-0.4190101421911645
2023-02-15 18:35:57,-0.3976097177061765
2023-02-15 18:35:58,-0.3881862003220477
2023-02-15 18:35:59,-0.4072189712711213
2023-02-15 18:36:00,-0.4110229817459397
2023-02-15 18:36:01,-0.3902316814216329
2023-02-15 18:36:02,-0.3854882598321079
2023-02-15 18:36:03,-0.3851290886153616
2023-02-15 18:36:04,-0.3667647931241748
2023-02-15 18:36:05,-0.381636563228292
2023-02-15 18:36:06,-0.3674974308408044
2023-02-15 18:36:07,-0.3657311981817135
2023-02-15 18:36:08,-0.3587546203420176
2023-02-15 18:36:09,-0.3603436573059578
2023-02-15 18:36:10,-0.3537830380919784
2023-02-15 18:36:11,-0.3471312040521156
2023-02-15 18:36:12,-0.3355144713933858
2023-02-15 18:36:13,-0.341119068844602
2023-02-15 18:36:14,-0.3450566744561901
2023-02-15 18:36:15,-0.3231758820583504
2023-02-15 18:36:16,-0.3098741482801604
2023-02-15 18:36:17,-0.2986463142561583
2023-02-15 18:36:18,-0.3064692711643731
2023-02-15 18:36:19,-0.3044685568521343
2023-02-15 18:36:20,-0.3073048522289404
2023-02-15 18:36:21,-0.2961618079025246
2023-02-15 18:36:22,-0.2911697863406382
2023-02-15 18:36:23,-0.2774069537273791
2023-02-15 18:36:24,-0.2599237827072491
2023-02-15 18:36:25,-0.2573103405865302
2023-02-15 18:36:26,-0.2491367498826851
2023-02-15 18:36:27,-0.2473729565433583
2023-02-15 18:36:28,-0.2506279255208737
2023-02-15 18:36:29,-0.2573456746017383
2023-02-15 18:36:30,-0.2362734532834353
2023-02-15 18:36:31,-0.2133786174192332
2023-02-15 18:36:32,-0.2232495928126221
2023-02-15 18:36:33,-0.1997732681543497
2023-02-15 18:36:34,-0.2028738653030754
2023-02-15 18:36:35,-0.2014889160408449
2023-02-15 18:36:36,-0.1791727913733627
2023-02-15 18:36:37,-0.1873267550485294
2023-02-15 18:36:38,-0.1728007867670448
2023-02-15 18:36:39,-0.1609896265683205
2023-02-15 18:36:40,-0.1774812262556997
2023-02-15 18:36:41,-0.1604165327630216
2023-02-15 18:36:42,-0.1554135266480594
2023-02-15 18:36:43,-0.1401678852049457
2023-02-15 18:36:44,-0.1403931193871627
2023-02-15 18:36:45,-0.1297595967125956
2023-02-15 18:36:46,-0.1261743637252755
2023-02-15 18:36:47,-0.1156892583954733
2023-02-15 18:36:48,-0.108766267199535
2023-02-15 18:36:49,-0.109887842401611
2023-02-15 18:36:50,-0.0867024023869607
2023-02-15 18:36:51,-0.0854657827289372
2023-02-15 18:36:52,-0.0815605314146218
2023-02-15 18:36:53,-0.0535689482404973
2023-02-15 18:36:54,-0.071567626814988
2023-02-15 18:36:55,-0.0744293616082844
2023-02-15 18:36:56,-0.0543114298780987
2023-02-15 18:36:57,-0.0369530447691552
2023-02-15 18:36:58,-0.0338559892732527
2023-02-15 18:36:59,-0.0260023363738884
2023-02-15 18:37:00,-0.0147472460479216
2023-02-15 18:37:01,-0.0221135235457925
2023-02-15 18:37:02,-0.0084560680911883
2023-02-15 18:37:03,-0.0116926850252348
2023-02-15 18:37:04,0.016318468135161
2023-02-15 18:37:05,0.0130848235674892
2023-02-15 18:37:06,0.0225935968000153
2023-02-15 18:37:07,0.0346703959487744
2023-02-15 18:37:08,0.0367544366593816
2023-02-15 18:37:09,0.0307275947501079
2023-02-15 18:37:10,0.0457108418459207
2023-02-15 18:37:11,0.0499132118192798
2023-02-15 18:37:12,0.0637260793873029
2023-02-15 18:37:13,0.0797035455475778
2023-02-15 18:37:14,0.0863573599111094
2023-02-15 18:37:15,0.1025979895870726
2023-02-15 18:37:16,0.1063169369425096
2023-02-15 18:37:17,0.1146457670222803
2023-02-15 18:37:18,0.1100682741553936
2023-02-15 18:37:19,0.1303501755123241
2023-02-15 18:37:20,0.1113904100447607
2023-02-15 18:37:21,0.1356169754541331
2023-02-15 18:37:22,0.1340701420281628
2023-02-15 18:37:23,0.1497074031218053
2023-02-15 18:37:24,0.1451759596651609
2023-02-15 18:37:25,0.1833401691492842
2023-02-15 18:37:26,0.1807842058135315
2023-02-15 18:37:27,0.1725928269174467
2023-02-15 18:37:28,0.179661548595775
2023-02-15 18:37:29,0.1785512129501034
2023-02-15 18:37:30,0.2046096358563232
2023-02-15 18:37:31,0.2004959844792219
2023-02-15 18:37:32,0.2017546899711715
2023-02-15 18:37:33,0.2174962679769017
2023-02-15 18:37:34,0.2251520866160361
2023-02-15 18:37:35,0.2281787254324295
2023-02-15 18:37:36,0.227729695132776
2023-02-15 18:37:37,0.2393605791843562
2023-02-15 18:37:38,0.2500708910724851
2023-02-15 18:37:39,0.2553613808702846
2023-02-15 18:37:40,0.2750515363242234
2023-02-15 18:37:41,0.2807954356404533
2023-02-15 18:37:42,0.2657497008900339
2023-02-15 18:37:43,0.269700636380583
2023-02-15 18:37:44,0.2887556303377366
2023-02-15 18:37:45,0.2831113545034959
2023-02-15 18:37:46,0.2941387450086727
2023-02-15 18:37:47,0.2957975726104989
2023-02-15 18:37:48,0.3194153167461218
2023-02-15 18:37:49,0.3166374162698075
2023-02-15 18:37:50,0.3167903612107751
2023-02-15 18:37:51,0.3218233861822811
2023-02-15 18:37:52,0.3278202940185687
2023-02-15 18:37:53,0.3498892747665826
2023-02-15 18:37:54,0.3405103582088632
2023-02-15 18:37:55,0.3499249451675961
2023-02-15 18:37:56,0.3528690839550573
2023-02-15 18:37:57,0.3703902346212989
2023-02-15 18:37:58,0.3632940494723736
2023-02-15 18:37:59,0.3645566497554708
2023-02-15 18:38:00,0.3715364519211204
2023-02-15 18:38:01,0.3841909144638714
2023-02-15 18:38:02,0.388598069576267
2023-02-15 18:38:03,0.3812959230036011
2023-02-15 18:38:04,0.3923691715777478
2023-02-15 18:38:05,0.3932725643587036
2023-02-15 18:38:06,0.3931222599177432
2023-02-15 18:38:07,0.4058358580778725
2023-02-15 18:38:08,0.3991477941257842
2023-02-15 18:38:09,0.4269007855920053
2023-02-15 18:38:10,0.4280885961968824
2023-02-15 18:38:11,0.4355566927719563
2023-02-15 18:38:12,0.4385042996984035
2023-02-15 18:38:13,0.4406164997330217
2023-02-15 18:38:14,0.4302041497426451
2023-02-15 18:38:15,0.4470062278281889
2023-02-15 18:38:16,0.4521161479109121
2023-02-15 18:38:17,0.447421422937295
2023-02-15 18:38:18,0.4536453108338428
2023-02-15 18:38:19,0.4523506006561786
2023-02-15 18:38:20,0.4516737697617402
2023-02-15 18:38:21,0.4696168629588103
2023-02-15 18:38:22,0.4543733548882004
2023-02-15 18:38:23,0.4745620361920118
2023-02-15 18:38:24,0.4745758157728868
2023-02-15 18:38:25,0.4650644277759863
2023-02-15 18:38:26,0.470308415737608
2023-02-15 18:38:27,0.4749909171781948
2023-02-15 18:38:28,0.4825325431549377
2023-02-15 18:38:29,0.477123361526898
2023-02-15 18:38:30,0.4905180273196206
2023-02-15 18:38:31,0.4843002641774757
2023-02-15 18:38:32,0.4740919796485364
2023-02-15 18:38:33,0.485890892094746
2023-02-15 18:38:34,0.4994550563893963
2023-02-15 18:38:35,0.4961020852488905
2023-02-15 18:38:36,0.5064344701479103
2023-02-15 18:38:37,0.4849572862473306
2023-02-15 18:38:38,0.495561163539416
2023-02-15 18:38:39,0.4971504383533412
2023-02-15 18:38:40,0.4869224933640773
2023-02-15 18:38:41,0.4911315603745445
2023-02-15 18:38:42,0.5051276529670596
2023-02-15 18:38:43,0.4894236641659787
2023-02-15 18:38:44,0.4958830931229426
2023-02-15 18:38:45,0.5117053854175223
2023-02-15 18:38:46,0.5030221947354458
2023-02-15 18:38:47,0.4848596189219901
2023-02-15 18:38:48,0.5023457235261121
2023-02-15 18:38:49,0.4923583247027355
2023-02-15 18:38:50,0.5176765613007668
2023-02-15 18:38:51,0.5056080020628195
2023-02-15 18:38:52,0.518665528447541
2023-02-15 18:38:53,0.4986497202076993
2023-02-15 18:38:54,0.4985334586773973
2023-02-15 18:38:55,0.5015291290063127
2023-02-15 18:38:56,0.4992376230211348
2023-02-15 18:38:57,0.495720792564174
2023-02-15 18:38:58,0.5033061707091718
2023-02-15 18:38:59,0.4993322874650987
2023-02-15 18:39:00,0.4862476751703389
2023-02-15 18:39:01,0.4916003353454037
2023-02-15 18:39:02,0.4916991980545457
2023-02-15 18:39:03,0.483254413103506
2023-02-15 18:39:04,0.4883886882818739
2023-02-15 18:39:05,0.4699483430385575
2023-02-15 18:39:06,0.478894669482185
2023-02-15 18:39:07,0.4815837528570589
2023-02-15 18:39:08,0.4914880263201055
2023-02-15 18:39:09,0.4751425788868206
2023-02-15 18:39:10,0.4676137042439366
2023-02-15 18:39:11,0.4777880950279554
2023-02-15 18:39:12,0.4713985183925674
2023-02-15 18:39:13,0.4669883025776632
2023-02-15 18:39:14,0.4587822282027599
2023-02-15 18:39:15,0.4756274788040611
2023-02-15 18:39:16,0.4599758876101161
2023-02-15 18:39:17,0.4550069321655047
2023-02-15 18:39:18,0.4515147971040347
2023-02-15 18:39:19,0.4643354389693588
2023-02-15 18:39:20,0.4364919740853865
2023-02-15 18:39:21,0.4533558152238904
2023-02-15 18:39:22,0.4530625466443574
2023-02-15 18:39:23,0.4381191900228582
2023-02-15 18:39:24,0.4178949041837345
2023-02-15 18:39:25,0.4440431045509843
2023-02-15 18:39:26,0.4210413352362835
2023-02-15 18:39:27,0.4068295366589691
2023-02-15 18:39:28,0.4134155330647125
2023-02-15 18:39:29,0.4035576001471599
2023-02-15 18:39:30,0.393308554765033
2023-02-15 18:39:31,0.4076896442015214
2023-02-15 18:39:32,0.3979135983042334
2023-02-15 18:39:33,0.4137698037807049
2023-02-15 18:39:34,0.3918085429125791
2023-02-15 18:39:35,0.3878402987191949
2023-02-15 18:39:36,0.370653169486678
2023-02-15 18:39:37,0.3673135902495234
2023-02-15 18:39:38,0.3644792077902614
2023-02-15 18:39:39,0.3597032380088188
2023-02-15 18:39:40,0.3583887776184735
2023-02-15 18:39:41,0.3465591190729157
2023-02-15 18:39:42,0.3408578298723231
2023-02-15 18:39:43,0.349188561919057
2023-02-15 18:39:44,0.3349346245854023
2023-02-15 18:39:45,0.3369834298678683
2023-02-15 18:39:46,0.3377141729886883
2023-02-15 18:39:47,0.3171297702797331
2023-02-15 18:39:48,0.3311413669242152
2023-02-15 18:39:49,0.2952479500827148
2023-02-15 18:39:50,0.3042475806715497
2023-02-15 18:39:51,0.2874109942889703
2023-02-15 18:39:52,0.2837604587418445
2023-02-15 18:39:53,0.2889086495797349
2023-02-15 18:39:54,0.2683078724263844
2023-02-15 18:39:55,0.2730441263801844
2023-02-15 18:39:56,0.2491765906006067
2023-02-15 18:39:57,0.2588778230037899
2023-02-15 18:39:58,0.2723930642931702
2023-02-15 18:39:59,0.2424352605071131
2023-02-15 18:40:00,0.2411686369620899
2023-02-15 18:40:01,0.2064009893009582
2023-02-15 18:40:02,0.2402660505398799
2023-02-15 18:40:03,0.2262906833882758
2023-02-15 18:40:04,0.2130478240203936
2023-02-15 18:40:05,0.2059407213427755
2023-02-15 18:40:06,0.1780005103697871
2023-02-15 18:40:07,0.2093902548059745
2023-02-15 18:40:08,0.1797688493806543
2023-02-15 18:40:09,0.1906461237162431
2023-02-15 18:40:10,0.1877145517583192
2023-02-15 18:40:11,0.1641820291630276
2023-02-15 18:40:12,0.1649133156355859
2023-02-15 18:40:13,0.1641915613536808
2023-02-15 18:40:14,0.1404790718110283
2023-02-15 18:40:15,0.1419732527947954
2023-02-15 18:40:16,0.1322977374348045
2023-02-15 18:40:17,0.1069116229666117
2023-02-15 18:40:18,0.1127353314315206
2023-02-15 18:40:19,0.1071811821476016
2023-02-15 18:40:20,0.1075666821596763
2023-02-15 18:40:21,0.0996116337530724
2023-02-15 18:40:22,0.0821673047535203
2023-02-15 18:40:23,0.0907230940797073
2023-02-15 18:40:24,0.0589471253544651
2023-02-15 18:40:25,0.0660740265087346
2023-02-15 18:40:26,0.0730482333053611
2023-02-15 18:40:27,0.0555701930024227
2023-02-15 18:40:28,0.0374045276478134
2023-02-15 18:40:29,0.0483686509766075
2023-02-15 18:40:30,0.0360284122638832
2023-02-15 18:40:31,0.0140897744726468
2023-02-15 18:40:32,0.0229757204508693
2023-02-15 18:40:33,0.0076004036986064
2023-02-15 18:40:34,-0.00098598066809
2023-02-15 18:40:35,-0.0059915815601349
2023-02-15 18:40:36,-0.0082784369852487
2023-02-15 18:40:37,-0.0273661407088157
2023-02-15 18:40:38,-0.0408285683571175
2023-02-15 18:40:39,-0.028827191609867
2023-02-15 18:40:40,-0.0404151775395144
2023-02-15 18:40:41,-0.042096884716676
2023-02-15 18:40:42,-0.069785808296009
2023-02-15 18:40:43,-0.0690523726868422
2023-02-15 18:40:44,-0.0728637001463246
2023-02-15 18:40:45,-0.0697087598743485
2023-02-15 18:40:46,-0.0780013168841172
2023-02-15 18:40:47,-0.0990135692417115
2023-02-15 18:40:48,-0.1011141532767466
2023-02-15 18:40:49,-0.1137545075982203
2023-02-15 18:40:50,-0.1095659009255743
2023-02-15 18:40:51,-0.127016938242591
2023-02-15 18:40:52,-0.1148784386964207
2023-02-15 18:40:53,-0.1188002786282025
2023-02-15 18:40:54,-0.145089670552257
2023-02-15 18:40:55,-0.1505790920316248
2023-02-15 18:40:56,-0.1693335825144487
2023-02-15 18:40:57,-0.16012292293164
2023-02-15 18:40:58,-0.1722830820154226
2023-02-15 18:40:59,-0.1775574729341362
2023-02-15 18:41:00,-0.1885051431121343
2023-02-15 18:41:01,-0.2060487141534598
2023-02-15 18:41:02,-0.2030721951234775
2023-02-15 18:41:03,-0.2147316042269822
2023-02-15 18:41:04,-0.2000414663245837
2023-02-15 18:41:05,-0.2325045770666148
2023-02-15 18:41:06,-0.2322808739606229
2023-02-15 18:41:07,-0.2502543688763155
2023-02-15 18:41:08,-0.2428641476716602
2023-02-15 18:41:09,-0.2446149739278737
2023-02-15 18:41:10,-0.2462089963677469
2023-02-15 18:41:11,-0.2679128577683283
2023-02-15 18:41:12,-0.2507826912992483
2023-02-15 18:41:13,-0.2548640727429728
2023-02-15 18:41:14,-0.2860198857352786
2023-02-15 18:41:15,-0.2831030382644378
2023-02-15 18:41:16,-0.2971406256984671
2023-02-15 18:41:17,-0.2931269640878202
2023-02-15 18:41:18,-0.3038327275874667
2023-02-15 18:41:19,-0.3009328364932932
2023-02-15 18:41:20,-0.3201183531768192
2023-02-15 18:41:21,-0.323493585613489
2023-02-15 18:41:22,-0.3181637721851178
2023-02-15 18:41:23,-0.335485167695263
2023-02-15 18:41:24,-0.3429926576799769
2023-02-15 18:41:25,-0.3390656258879156
2023-02-15 18:41:26,-0.3586521146779406
2023-02-15 18:41:27,-0.3578619870939882
2023-02-15 18:41:28,-0.3770043912708572
2023-02-15 18:41:29,-0.3642046283618573
2023-02-15 18:41:30,-0.3795262684884717
2023-02-15 18:41:31,-0.3682255196860578
2023-02-15 18:41:32,-0.3758954519454544
2023-02-15 18:41:33,-0.3881339098339624
2023-02-15 18:41:34,-0.385643316641689
2023-02-15 18:41:35,-0.3832311557703725
2023-02-15 18:41:36,-0.3962603300881435
2023-02-15 18:41:37,-0.3923804520540127
2023-02-15 18:41:38,-0.431043069883987
2023-02-15 18:41:39,-0.4273701867143422
2023-02-15 18:41:40,-0.4052763673286533
2023-02-15 18:41:41,-0.4235025488849748
2023-02-15 18:41:42,-0.4220873890177783
2023-02-15 18:41:43,-0.4295178083862581
2023-02-15 18:41:44,-0.4564053275081512
2023-02-15 18:41:45,-0.3983116859124142
2023-02-15 18:41:46,-0.442860311353707
2023-02-15 18:41:47,-0.4705652659635061
2023-02-15 18:41:48,-0.4346781871164908
2023-02-15 18:41:49,-0.4556511847049947
2023-02-15 18:41:50,-0.4598214119984467
2023-02-15 18:41:51,-0.471122216207179
2023-02-15 18:41:52,-0.4544025207320132
2023-02-15 18:41:53,-0.4617966572258504
2023-02-15 18:41:54,-0.445771735936371
2023-02-15 18:41:55,-0.4681490086258668
2023-02-15 18:41:56,-0.4686671087406498
2023-02-15 18:41:57,-0.4996905950957712
2023-02-15 18:41:58,-0.4932549589926193
2023-02-15 18:41:59,-0.4661360998108776
2023-02-15 18:42:00,-0.4707730926518327
2023-02-15 18:42:01,-0.4769380363955257
2023-02-15 18:42:02,-0.4804773306388792
2023-02-15 18:42:03,-0.4861684904863448
2023-02-15 18:42:04,-0.473002403577505
2023-02-15 18:42:05,-0.4902465458904261
2023-02-15 18:42:06,-0.4991507389865451
2023-02-15 18:42:07,-0.5029280527332929
2023-02-15 18:42:08,-0.4975862542793194
2023-02-15 18:42:09,-0.506129409470424
2023-02-15 18:42:10,-0.4915396028961997
2023-02-15 18:42:11,-0.4827586531373482
2023-02-15 18:42:12,-0.4827895220171649
2023-02-15 18:42:13,-0.499877731335194
2023-02-15 18:42:14,-0.5019240630059589
2023-02-15 18:42:15,-0.4899228800254108
2023-02-15 18:42:16,-0.4952891299157657
2023-02-15 18:42:17,-0.5036975623806816
2023-02-15 18:42:18,-0.5008949351666625
2023-02-15 18:42:19,-0.503552555671087
2023-02-15 18:42:20,-0.4891817257589623
2023-02-15 18:42:21,-0.4964385950706204
2023-02-15 18:42:22,-0.4991349468445938
2023-02-15 18:42:23,-0.506432546861857
2023-02-15 18:42:24,-0.4957167117878721
2023-02-15 18:42:25,-0.4868633411536033
2023-02-15 18:42:26,-0.51480543474722
2023-02-15 18:42:27,-0.513273992731885
2023-02-15 18:42:28,-0.4845246660171524
2023-02-15 18:42:29,-0.4973535967060078
2023-02-15 18:42:30,-0.4907382055559133
2023-02-15 18:42:31,-0.5015728866369035
2023-02-15 18:42:32,-0.5165374404507899
2023-02-15 18:42:33,-0.4824619595324675
2023-02-15 18:42:34,-0.4897571812780885
2023-02-15 18:42:35,-0.4751262589647613
2023-02-15 18:42:36,-0.4974262499731078
2023-02-15 18:42:37,-0.4841291347658891
2023-02-15 18:42:38,-0.4735021571150347
2023-02-15 18:42:39,-0.4767386881558657
2023-02-15 18:42:40,-0.4843852952189478
2023-02-15 18:42:41,-0.4622706877867423
2023-02-15 18:42:42,-0.4877988451143277
2023-02-15 18:42:43,-0.4640175596479797
2023-02-15 18:42:44,-0.4719737865374635
2023-02-15 18:42:45,-0.4660391611487827
2023-02-15 18:42:46,-0.4620227078600378
2023-02-15 18:42:47,-0.4636913370528869
2023-02-15 18:42:48,-0.4707784757898857
2023-02-15 18:42:49,-0.454271146876376
2023-02-15 18:42:50,-0.4473420636344595
2023-02-15 18:42:51,-0.4399428021805687
2023-02-15 18:42:52,-0.452012925608891
2023-02-15 18:42:53,-0.4165254273298605
2023-02-15 18:42:54,-0.4376925415209886
2023-02-15 18:42:55,-0.4459433186905066
2023-02-15 18:42:56,-0.4268336692236708
2023-02-15 18:42:57,-0.4242226057140116
2023-02-15 18:42:58,-0.4171818228913768
2023-02-15 18:42:59,-0.4084760416117675
2023-02-15 18:43:00,-0.4234657430461441
2023-02-15 18:43:01,-0.4149792210110161
2023-02-15 18:43:02,-0.4147884000213013
2023-02-15 18:43:03,-0.4007002633692343
2023-02-15 18:43:04,-0.3995123203640802
2023-02-15 18:43:05,-0.3750049717015861
2023-02-15 18:43:06,-0.3912968878080788
2023-02-15 18:43:07,-0.3871146147372741
2023-02-15 18:43:08,-0.3728707664505003
2023-02-15 18:43:09,-0.3719134687252386
2023-02-15 18:43:10,-0.3722763017881965
2023-02-15 18:43:11,-0.365853414019948
2023-02-15 18:43:12,-0.3495623203010607
2023-02-15 18:43:13,-0.3616631590051866
2023-02-15 18:43:14,-0.3314330662169275
2023-02-15 18:43:15,-0.3420372820759588
2023-02-15 18:43:16,-0.330399048522992
2023-02-15 18:43:17,-0.3443288876577758
2023-02-15 18:43:18,-0.3315956744774208
2023-02-15 18:43:19,-0.3370363987123971
2023-02-15 18:43:20,-0.3275226102791476
2023-02-15 18:43:21,-0.3085810187832805
2023-02-15 18:43:22,-0.3110870277978861
2023-02-15 18:43:23,-0.2939125708538037
2023-02-15 18:43:24,-0.2896144270144879
2023-02-15 18:43:25,-0.268564685653778
2023-02-15 18:43:26,-0.2810191477361201
2023-02-15 18:43:27,-0.2638435992122279
2023-02-15 18:43:28,-0.2584767368786574
2023-02-15 18:43:29,-0.2619771903879887
2023-02-15 18:43:30,-0.2645691679878063
2023-02-15 18:43:31,-0.2427155525507892
2023-02-15 18:43:32,-0.2304440531112387
2023-02-15 18:43:33,-0.2403540911943361
2023-02-15 18:43:34,-0.2276797543978177
2023-02-15 18:43:35,-0.204831629581116
2023-02-15 18:43:36,-0.2228356895326855
2023-02-15 18:43:37,-0.2190217571467315
2023-02-15 18:43:38,-0.1923800347766839
2023-02-15 18:43:39,-0.1927724844402287
2023-02-15 18:43:40,-0.1649824016691832
2023-02-15 18:43:41,-0.1681132972880641
2023-02-15 18:43:42,-0.176246781840686
2023-02-15 18:43:43,-0.1631295066084386
2023-02-15 18:43:44,-0.164070624397503
2023-02-15 18:43:45,-0.1476109294326296
2023-02-15 18:43:46,-0.1318913489148957
2023-02-15 18:43:47,-0.129646655667828
2023-02-15 18:43:48,-0.1337178632694044
2023-02-15 18:43:49,-0.1211273680481947
2023-02-15 18:43:50,-0.1260909408219806
2023-02-15 18:43:51,-0.0980099712024152
2023-02-15 18:43:52,-0.0980598542749172
2023-02-15 18:43:53,-0.0866971410811263
2023-02-15 18:43:54,-0.0848230474223794
2023-02-15 18:43:55,-0.0906006704741082
2023-02-15 18:43:56,-0.08493732104729
2023-02-15 18:43:57,-0.0555290758480155
2023-02-15 18:43:58,-0.0532769967196984
2023-02-15 18:43:59,-0.0304347169730686
2023-02-15 18:44:00,-0.0378024874347813
2023-02-15 18:44:01,-0.0284394024251617
2023-02-15 18:44:02,-0.0369625107214054
2023-02-15 18:44:03,-0.0240170405528063
2023-02-15 18:44:04,-0.0256185345670581
2023-02-15 18:44:05,-0.0049075688093613
